username,email,first_name,last_name,password
gmonkleigh0,gmonkleigh0@ycombinator.com,Gino,Monkleigh,guiY2aaxIZGF
zmacphail1,zmacphail1@gov.uk,Zea,MacPhail,DL17skxhMnt
hgreenrodd2,hgreenrodd2@theguardian.com,Hale,Greenrodd,rPY7KtKERoU
afarryan3,afarryan3@ask.com,Arlen,Farryan,38HKHLN0
cgerson4,cgerson4@live.com,Cherin,Gerson,U7ea5KL1Ym
ringerson5,ringerson5@msn.com,Randene,Ingerson,DA2IEFOF71eL
dboundy6,dboundy6@typepad.com,Delmar,Boundy,WG2nace04U
gmaccombe7,gmaccombe7@berkeley.edu,Gar,MacCombe,ff1aLS
hhatrick8,hhatrick8@google.com.br,Hersch,Hatrick,0VaqeuT3ADQ
hkenwell9,hkenwell9@mit.edu,Hercules,Kenwell,yiYBHMTJfmS1
kvanderkruisa,kvanderkruisa@mozilla.org,Kally,Van der Kruis,b1KGr5htZc
afeavyourb,afeavyourb@yellowpages.com,Angelina,Feavyour,p0R9Pdm7
atribblec,atribblec@miibeian.gov.cn,Annelise,Tribble,cho0yd7X
rdixceyd,rdixceyd@soup.io,Rafaelia,Dixcey,ZOEUIfIc8
mlangthorne,mlangthorne@baidu.com,Miltie,Langthorn,vilb0M
robradanef,robradanef@ucoz.ru,Rosalinde,O'Bradane,aaGXTijKdW6
slyttleg,slyttleg@eepurl.com,Sydney,Lyttle,76fB8LXd
bhacksbyh,bhacksbyh@opera.com,Benton,Hacksby,sDP5b0Of41
pmenelawsi,pmenelawsi@home.pl,Phip,Menelaws,ETNnYuArK
tcraisej,tcraisej@census.gov,Tamarah,Craise,6DXyNEq
bfriedmank,bfriedmank@slate.com,Braden,Friedman,D1lBqwIuIRO
bcassidyl,bcassidyl@symantec.com,Brunhilda,Cassidy,vcwNwg2Wd
creasunm,creasunm@omniture.com,Carlie,Reasun,LGh9sti6t9Os
lsoignen,lsoignen@sciencedaily.com,Lorilyn,Soigne,nrfuv3Zb
gportinario,gportinario@slideshare.net,Giacomo,Portinari,dauDjOLU
kworhamp,kworhamp@cargocollective.com,Kit,Worham,eShwjs
caschq,caschq@wordpress.org,Chrissy,Asch,v5WCWKlqvd
eparkhouser,eparkhouser@redcross.org,Evelina,Parkhouse,r97lGNrVdv
dvarkers,dvarkers@reuters.com,Dani,Varker,cuuPuhUqZd
pflewant,pflewant@europa.eu,Penrod,Flewan,ikZkYoRdxZDu
ocolebourneu,ocolebourneu@vinaora.com,Orv,Colebourne,qR2RLbc839dQ
gcliffev,gcliffev@nymag.com,Gillian,Cliffe,9iGZcXfAVbPh
rhansemannw,rhansemannw@ifeng.com,Robbie,Hansemann,BEhX0zrQl
oalawayx,oalawayx@java.com,Opaline,Alaway,0vndxP
mshearsbyy,mshearsbyy@photobucket.com,Mandel,Shearsby,RE0loVq
kmoritz,kmoritz@constantcontact.com,Kalindi,Morit,t4tQwXJAmUi
rstenet10,rstenet10@dailymail.co.uk,Rudie,Stenet,Skb6B1aARf
jbess11,jbess11@e-recht24.de,Jere,Bess,hxLpxGP
rsivess12,rsivess12@squarespace.com,Regine,Sivess,hnXt1bckchZ4
apersehouse13,apersehouse13@is.gd,Alfreda,Persehouse,3oppSJD9x64y
cbrew14,cbrew14@cnn.com,Charis,Brew,7wis9NlBB0
aevitt15,aevitt15@blogs.com,Alonso,Evitt,KynGDgGDRRi
ndanbrook16,ndanbrook16@hostgator.com,Nikita,Danbrook,YWbO4I
pgerriets17,pgerriets17@cdbaby.com,Perle,Gerriets,81JDsaGyd4
ihallowes18,ihallowes18@webeden.co.uk,Indira,Hallowes,LVUmRSGkDe
cfick19,cfick19@about.me,Candis,Fick,ynhhfGW
sbooij1a,sbooij1a@shutterfly.com,Silvan,Booij,vauzefKG4z
cpridgeon1b,cpridgeon1b@technorati.com,Corrina,Pridgeon,pVoiidrU
ccolrein1c,ccolrein1c@intel.com,Charmaine,Colrein,rbq2KBH
tmartijn1d,tmartijn1d@dot.gov,Tris,Martijn,ETYlNds
ghardeman1e,ghardeman1e@statcounter.com,Gustavus,Hardeman,GWnNraNA5Mn
cmickan1f,cmickan1f@squidoo.com,Carlyle,Mickan,jEqw2XcXxmld
cwinsper1g,cwinsper1g@privacy.gov.au,Conrado,Winsper,FWSOwIFAwx
ischoller1h,ischoller1h@123-reg.co.uk,Ivar,Scholler,oMa6cx
bderrett1i,bderrett1i@google.com.hk,Bud,Derrett,ownBqN
qstrangwood1j,qstrangwood1j@wufoo.com,Quincey,Strangwood,SIKe1JtFy
spettifor1k,spettifor1k@alibaba.com,Sherye,Pettifor,WRINUvFDtA
clabro1l,clabro1l@reference.com,Constanta,Labro,qkg9eOIjJI2
dhamberstone1m,dhamberstone1m@ox.ac.uk,Derward,Hamberstone,0fpvrqn9
wlowmass1n,wlowmass1n@hibu.com,Werner,Lowmass,dEB6soK
hwaylen1o,hwaylen1o@cornell.edu,Hamlin,Waylen,4N8vpNhje
mhebdon1p,mhebdon1p@odnoklassniki.ru,Meggie,Hebdon,3cfBYITLpu
rdecruse1q,rdecruse1q@example.com,Roanna,Decruse,QXK5IWfj8L
bkeems1r,bkeems1r@un.org,Bar,Keems,MTK6cLl
lanand1s,lanand1s@ftc.gov,Lelia,Anand,7DC1LYCzC
iscutt1t,iscutt1t@artisteer.com,Inge,Scutt,SRBmLQk
sdadge1u,sdadge1u@dmoz.org,Saunder,Dadge,mlk98kLxxEe
bbentame1v,bbentame1v@ucoz.com,Barbe,Bentame,4KRMUNXJhj
kdavenhill1w,kdavenhill1w@liveinternet.ru,Kelcie,Davenhill,05iuTkkrP
jescolme1x,jescolme1x@ucsd.edu,Janene,Escolme,mUMOa6z7
ahanniger1y,ahanniger1y@github.com,Albrecht,Hanniger,F644kKU
hpinkie1z,hpinkie1z@usatoday.com,Hannie,Pinkie,6d74YlPNE
hmaffeo20,hmaffeo20@jiathis.com,Hedi,Maffeo,lLRgj0iF
kgrealish21,kgrealish21@spiegel.de,Klemens,Grealish,zcGyKhk
fmurtagh22,fmurtagh22@tumblr.com,Franchot,Murtagh,ZqCnttTFm
lcoggin23,lcoggin23@nhs.uk,Lira,Coggin,0w2nmBzDoE
tnalder24,tnalder24@aboutads.info,Tina,Nalder,7sM8tHCIvVI
blott25,blott25@cnbc.com,Bailey,Lott,IXdHnKL
bgerrans26,bgerrans26@globo.com,Bunni,Gerrans,Cjg1onPTWng
kmorrall27,kmorrall27@themeforest.net,Kippy,Morrall,SSiaPXs5l2C
pmoatt28,pmoatt28@virginia.edu,Pauli,Moatt,VrdRk5PR7
dllewellin29,dllewellin29@storify.com,Dorrie,Llewellin,kuMXHxvl
mrusso2a,mrusso2a@w3.org,Matthieu,Russo,8O5NwwapPpA
svery2b,svery2b@php.net,Selena,Very,FhsnB3uq5
abrooke2c,abrooke2c@geocities.jp,Anselma,Brooke,uR4tsZmUBhu
narunowicz2d,narunowicz2d@indiatimes.com,Nataline,Arunowicz,yHY0rh
mshearsby2e,mshearsby2e@tinypic.com,Merl,Shearsby,JLfSRjZFZ
gboagey2f,gboagey2f@hostgator.com,Garvin,Boagey,WpzebP
jcrathern2g,jcrathern2g@wiley.com,Joaquin,Crathern,Rfcqjx
poneill2h,poneill2h@deviantart.com,Priscella,O'Neill,Y3m97Zr
mjenteau2i,mjenteau2i@unesco.org,Marion,Jenteau,aDZvwCRMBuil
fhanscom2j,fhanscom2j@pcworld.com,Feliks,Hanscom,Nc8oJnT0Z7
fdangelo2k,fdangelo2k@linkedin.com,Farlee,D' Angelo,w3FuER76aCN
rking2l,rking2l@hugedomains.com,Rickard,King,OlKS0wfW
tgully2m,tgully2m@google.co.jp,Tiebout,Gully,6s1ZdUB
elarchiere2n,elarchiere2n@wp.com,Emilia,Larchiere,C3Vkp3azWVsW
gdemalchar2o,gdemalchar2o@mac.com,Gabriellia,De Malchar,ABHiq6FlVs
jsiddall2p,jsiddall2p@wisc.edu,Juanita,Siddall,xWzDmhC0F
tsweetenham2q,tsweetenham2q@w3.org,Trenton,Sweetenham,BjBTJJkSrO
qyounglove2r,qyounglove2r@uiuc.edu,Quintus,Younglove,HHIFLR
